----------------------------- Populate Tables -----------------------------


-----------------------------Utente: Segreteria -----------------------------
insert into utente (nome_utente, password, profilo_utente) values ('admin', 'admin', 'segreteria');
insert into utente (nome_utente, password, profilo_utente) values ('segreteria01', 'segreteria01', 'segreteria');
insert into utente (nome_utente, password, profilo_utente) values ('segreteria02', 'segreteria02', 'segreteria');
insert into utente (nome_utente, password, profilo_utente) values ('segreteria03', 'segreteria03', 'segreteria');
insert into utente (nome_utente, password, profilo_utente) values ('segreteria04', 'segreteria04', 'segreteria');
insert into utente (nome_utente, password, profilo_utente) values ('segreteria05', 'segreteria05', 'segreteria');
insert into utente (nome_utente, password, profilo_utente) values ('segreteria06', 'segreteria06', 'segreteria');
insert into utente (nome_utente, password, profilo_utente) values ('segreteria07', 'segreteria07', 'segreteria');
insert into utente (nome_utente, password, profilo_utente) values ('segreteria08', 'segreteria08', 'segreteria');
insert into utente (nome_utente, password, profilo_utente) values ('segreteria09', 'segreteria09', 'segreteria');
insert into utente (nome_utente, password, profilo_utente) values ('segreteria10', 'segreteria10', 'segreteria');
insert into utente (nome_utente, password, profilo_utente) values ('segreteria11', 'segreteria11', 'segreteria');
insert into utente (nome_utente, password, profilo_utente) values ('segreteria12', 'segreteria12', 'segreteria');

-----------------------------Utente: Docente -----------------------------
insert into utente (nome_utente, password, profilo_utente) values ('admin', 'admin', 'docente');
insert into utente (nome_utente, password, profilo_utente) values ('docente01', 'docente01', 'docente');
insert into utente (nome_utente, password, profilo_utente) values ('docente02', 'docente02', 'docente');
insert into utente (nome_utente, password, profilo_utente) values ('docente03', 'docente03', 'docente');
insert into utente (nome_utente, password, profilo_utente) values ('docente04', 'docente04', 'docente');
insert into utente (nome_utente, password, profilo_utente) values ('docente05', 'docente05', 'docente');
insert into utente (nome_utente, password, profilo_utente) values ('docente06', 'docente06', 'docente');
insert into utente (nome_utente, password, profilo_utente) values ('docente07', 'docente07', 'docente');
insert into utente (nome_utente, password, profilo_utente) values ('docente08', 'docente08', 'docente');
insert into utente (nome_utente, password, profilo_utente) values ('docente09', 'docente09', 'docente');
insert into utente (nome_utente, password, profilo_utente) values ('docente10', 'docente10', 'docente');
insert into utente (nome_utente, password, profilo_utente) values ('docente11', 'docente11', 'docente');
insert into utente (nome_utente, password, profilo_utente) values ('docente12', 'docente12', 'docente');
insert into utente (nome_utente, password, profilo_utente) values ('docente13', 'docente13', 'docente');
insert into utente (nome_utente, password, profilo_utente) values ('docente14', 'docente14', 'docente');
insert into utente (nome_utente, password, profilo_utente) values ('docente15', 'docente15', 'docente');
insert into utente (nome_utente, password, profilo_utente) values ('docente16', 'docente16', 'docente');
insert into utente (nome_utente, password, profilo_utente) values ('docente17', 'docente17', 'docente');
insert into utente (nome_utente, password, profilo_utente) values ('docente18', 'docente18', 'docente');
insert into utente (nome_utente, password, profilo_utente) values ('docente19', 'docente19', 'docente');
insert into utente (nome_utente, password, profilo_utente) values ('docente20', 'docente20', 'docente');
insert into utente (nome_utente, password, profilo_utente) values ('docente21', 'docente21', 'docente');
insert into utente (nome_utente, password, profilo_utente) values ('docente22', 'docente22', 'docente');
insert into utente (nome_utente, password, profilo_utente) values ('docente23', 'docente23', 'docente');
insert into utente (nome_utente, password, profilo_utente) values ('docente24', 'docente24', 'docente');
insert into utente (nome_utente, password, profilo_utente) values ('docente25', 'docente25', 'docente');

-----------------------------Utente: Studente -----------------------------
insert into utente (nome_utente, password, profilo_utente) values ('admin', 'admin', 'studente');
insert into utente (nome_utente, password, profilo_utente) values ('studente01', 'studente01', 'studente');
insert into utente (nome_utente, password, profilo_utente) values ('studente02', 'studente02', 'studente');
insert into utente (nome_utente, password, profilo_utente) values ('studente03', 'studente03', 'studente');
insert into utente (nome_utente, password, profilo_utente) values ('studente04', 'studente04', 'studente');
insert into utente (nome_utente, password, profilo_utente) values ('studente05', 'studente05', 'studente');
insert into utente (nome_utente, password, profilo_utente) values ('studente06', 'studente06', 'studente');
insert into utente (nome_utente, password, profilo_utente) values ('studente07', 'studente07', 'studente');
insert into utente (nome_utente, password, profilo_utente) values ('studente08', 'studente08', 'studente');
insert into utente (nome_utente, password, profilo_utente) values ('studente09', 'studente09', 'studente');
insert into utente (nome_utente, password, profilo_utente) values ('studente10', 'studente10', 'studente');
insert into utente (nome_utente, password, profilo_utente) values ('studente11', 'studente11', 'studente');
insert into utente (nome_utente, password, profilo_utente) values ('studente12', 'studente12', 'studente');
insert into utente (nome_utente, password, profilo_utente) values ('studente13', 'studente13', 'studente');
insert into utente (nome_utente, password, profilo_utente) values ('studente14', 'studente14', 'studente');
insert into utente (nome_utente, password, profilo_utente) values ('studente15', 'studente15', 'studente');
insert into utente (nome_utente, password, profilo_utente) values ('studente16', 'studente16', 'studente');
insert into utente (nome_utente, password, profilo_utente) values ('studente17', 'studente17', 'studente');
insert into utente (nome_utente, password, profilo_utente) values ('studente18', 'studente18', 'studente');
insert into utente (nome_utente, password, profilo_utente) values ('studente19', 'studente19', 'studente');
insert into utente (nome_utente, password, profilo_utente) values ('studente20', 'studente20', 'studente');
insert into utente (nome_utente, password, profilo_utente) values ('studente21', 'studente21', 'studente');
insert into utente (nome_utente, password, profilo_utente) values ('studente22', 'studente22', 'studente');
insert into utente (nome_utente, password, profilo_utente) values ('studente23', 'studente23', 'studente');
insert into utente (nome_utente, password, profilo_utente) values ('studente24', 'studente24', 'studente');
insert into utente (nome_utente, password, profilo_utente) values ('studente25', 'studente25', 'studente');
insert into utente (nome_utente, password, profilo_utente) values ('studente26', 'studente26', 'studente');
insert into utente (nome_utente, password, profilo_utente) values ('studente27', 'studente27', 'studente');
insert into utente (nome_utente, password, profilo_utente) values ('studente28', 'studente28', 'studente');
insert into utente (nome_utente, password, profilo_utente) values ('studente29', 'studente29', 'studente');
insert into utente (nome_utente, password, profilo_utente) values ('studente30', 'studente30', 'studente');
insert into utente (nome_utente, password, profilo_utente) values ('studente31', 'studente31', 'studente');
insert into utente (nome_utente, password, profilo_utente) values ('studente32', 'studente32', 'studente');
insert into utente (nome_utente, password, profilo_utente) values ('studente33', 'studente33', 'studente');
insert into utente (nome_utente, password, profilo_utente) values ('studente34', 'studente34', 'studente');
insert into utente (nome_utente, password, profilo_utente) values ('studente35', 'studente35', 'studente');
insert into utente (nome_utente, password, profilo_utente) values ('studente36', 'studente36', 'studente');
insert into utente (nome_utente, password, profilo_utente) values ('studente37', 'studente37', 'studente');
insert into utente (nome_utente, password, profilo_utente) values ('studente38', 'studente38', 'studente');
insert into utente (nome_utente, password, profilo_utente) values ('studente39', 'studente39', 'studente');
insert into utente (nome_utente, password, profilo_utente) values ('studente40', 'studente40', 'studente');
insert into utente (nome_utente, password, profilo_utente) values ('studente41', 'studente41', 'studente');
insert into utente (nome_utente, password, profilo_utente) values ('studente42', 'studente42', 'studente');
insert into utente (nome_utente, password, profilo_utente) values ('studente43', 'studente43', 'studente');
insert into utente (nome_utente, password, profilo_utente) values ('studente44', 'studente44', 'studente');
insert into utente (nome_utente, password, profilo_utente) values ('studente45', 'studente45', 'studente');
insert into utente (nome_utente, password, profilo_utente) values ('studente46', 'studente46', 'studente');
insert into utente (nome_utente, password, profilo_utente) values ('studente47', 'studente47', 'studente');
insert into utente (nome_utente, password, profilo_utente) values ('studente48', 'studente48', 'studente');
insert into utente (nome_utente, password, profilo_utente) values ('studente49', 'studente49', 'studente');
insert into utente (nome_utente, password, profilo_utente) values ('studente50', 'studente50', 'studente');
insert into utente (nome_utente, password, profilo_utente) values ('studente51', 'studente51', 'studente');
insert into utente (nome_utente, password, profilo_utente) values ('studente52', 'studente52', 'studente');
insert into utente (nome_utente, password, profilo_utente) values ('studente53', 'studente53', 'studente');
insert into utente (nome_utente, password, profilo_utente) values ('studente54', 'studente54', 'studente');
insert into utente (nome_utente, password, profilo_utente) values ('studente55', 'studente55', 'studente');
insert into utente (nome_utente, password, profilo_utente) values ('studente56', 'studente56', 'studente');
insert into utente (nome_utente, password, profilo_utente) values ('studente57', 'studente57', 'studente');
insert into utente (nome_utente, password, profilo_utente) values ('studente58', 'studente58', 'studente');
insert into utente (nome_utente, password, profilo_utente) values ('studente59', 'studente59', 'studente');
insert into utente (nome_utente, password, profilo_utente) values ('studente60', 'studente60', 'studente');
insert into utente (nome_utente, password, profilo_utente) values ('studente61', 'studente61', 'studente');
insert into utente (nome_utente, password, profilo_utente) values ('studente62', 'studente62', 'studente');


-----------------------------Table: Segreteria -----------------------------
insert into segreteria (utente, nome, cognome) values ('segreteria01', 'Luca','Rossi');
insert into segreteria (utente, nome, cognome) values ('segreteria02', 'Martina','Bianchi');
insert into segreteria (utente, nome, cognome) values ('segreteria03', 'Alessandro','Conti');
insert into segreteria (utente, nome, cognome) values ('segreteria04', 'Giulia','Russo');
insert into segreteria (utente, nome, cognome) values ('segreteria05', 'Marco','Esposito');
insert into segreteria (utente, nome, cognome) values ('segreteria06', 'Sofia','Moretti');
insert into segreteria (utente, nome, cognome) values ('segreteria07', 'Francesco','Romano');
insert into segreteria (utente, nome, cognome) values ('segreteria08', 'Chiara','De Luca');
insert into segreteria (utente, nome, cognome) values ('segreteria09', 'Matteo','Ferri');
insert into segreteria (utente, nome, cognome) values ('segreteria10', 'Elena','Colombo');
insert into segreteria (utente, nome, cognome) values ('segreteria11', 'Federico','Martini');
insert into segreteria (utente, nome, cognome) values ('segreteria12', 'Valentina','Santoro');


-----------------------------Table: Docente -----------------------------
insert into docente (utente, nome, cognome, email) values ('docente01','Giovanni','Rossi','giovanni.rossi@docente.it');
insert into docente (utente, nome, cognome, email) values ('docente02','Chiara','Müller','chiara.müller@docente.it');
insert into docente (utente, nome, cognome, email) values ('docente03','Marco','Conti','marco.conti@docente.it');
insert into docente (utente, nome, cognome, email) values ('docente04','Sofia','Nguyen','sofia.nguyen@docente.it');
insert into docente (utente, nome, cognome, email) values ('docente05','Alessandro','Moretti','alessandro.moretti@docente.it');
insert into docente (utente, nome, cognome, email) values ('docente06','Francesca','Lopez','francesca.lopez@docente.it');
insert into docente (utente, nome, cognome, email) values ('docente07','Matteo','De Luca','matteo.de_luca@docente.it');
insert into docente (utente, nome, cognome, email) values ('docente08','Giorgia','Schmidt','giorgia.schmidt@docente.it');
insert into docente (utente, nome, cognome, email) values ('docente09','Luca','Colombo','luca.colombo@docente.it');
insert into docente (utente, nome, cognome, email) values ('docente10','Martina','Dubois','martina.dubois@docente.it');
insert into docente (utente, nome, cognome, email) values ('docente11','Federico','Santoro','federico.santoro@docente.it');
insert into docente (utente, nome, cognome, email) values ('docente12','Valentina','Petrov','valentina.petrov@docente.it');
insert into docente (utente, nome, cognome, email) values ('docente13','Lorenzo','Ferrari','lorenzo.ferrari@docente.it');
insert into docente (utente, nome, cognome, email) values ('docente14','Eleonora','González','eleonora.gonzález@docente.it');
insert into docente (utente, nome, cognome, email) values ('docente15','Antonio','Marchetti','antonio.marchetti@docente.it');
insert into docente (utente, nome, cognome, email) values ('docente16','Sara','Patel','sara.patel@docente.it');
insert into docente (utente, nome, cognome, email) values ('docente17','Stefano','De Angelis','stefano.de_angelis@docente.it');
insert into docente (utente, nome, cognome, email) values ('docente18','Aurora','Jensen','aurora.jensen@docente.it');
insert into docente (utente, nome, cognome, email) values ('docente19','Andrea','Greco','andrea.greco@docente.it');
insert into docente (utente, nome, cognome, email) values ('docente20','Giulia','Kim','giulia.kim@docente.it');
insert into docente (utente, nome, cognome, email) values ('docente21','Paolo','Monti','paolo.monti@docente.it');
insert into docente (utente, nome, cognome, email) values ('docente22','Elena','Kowalski','elena.kowalski@docente.it');
insert into docente (utente, nome, cognome, email) values ('docente23','Simone','Rizzo','simone.rizzo@docente.it');
insert into docente (utente, nome, cognome, email) values ('docente24','Laura','Lindberg','laura.lindberg@docente.it');
insert into docente (utente, nome, cognome, email) values ('docente25','Davide','Lombardo','davide.lombardo@docente.it');

-----------------------------Table: Corso di Laurea -----------------------------
insert into corso_di_laurea (responsabile, tipologia, nome) values (1, 'triennale', 'Informatica');
insert into corso_di_laurea (responsabile, tipologia, nome) values (2, 'triennale', 'Ingegneria Civile');
insert into corso_di_laurea (responsabile, tipologia, nome) values (3, 'magistrale', 'Economia Aziendale');
insert into corso_di_laurea (responsabile, tipologia, nome) values (3, 'triennale', 'Scienze dell Educazione');
insert into corso_di_laurea (responsabile, tipologia, nome) values (4, 'magistrale', 'Giurisprudenza');
insert into corso_di_laurea (responsabile, tipologia, nome) values (5, 'triennale', 'Comunicazione Digitale');
insert into corso_di_laurea (responsabile, tipologia, nome) values (6, 'magistrale', 'Psicologia Clinica');
insert into corso_di_laurea (responsabile, tipologia, nome) values (7, 'triennale', 'Lingue e Letterature Straniere');
insert into corso_di_laurea (responsabile, tipologia, nome) values (9, 'triennale', 'Scienze Politiche');
insert into corso_di_laurea (responsabile, tipologia, nome) values (10, 'magistrale', 'Ingegneria Biomedica');

-----------------------------Utente: Studente -----------------------------
insert into studente (cdl, utente, nome, cognome, email) values (1,'admin','admin','admin','admin@studente.it');
insert into studente (cdl, utente, nome, cognome, email) values (1,'studente01','Luca','Rossi','luca.rossi@studente.it');
insert into studente (cdl, utente, nome, cognome, email) values (1,'studente02','Maria','Garcia','maria.garcia@studente.it');
insert into studente (cdl, utente, nome, cognome, email) values (1,'studente03','Mohammed','Khan','mohammed.khan@studente.it');
insert into studente (cdl, utente, nome, cognome, email) values (1,'studente04','Chiara','Moretti','chiara.moretti@studente.it');
insert into studente (cdl, utente, nome, cognome, email) values (1,'studente05','David','Brown','david.brown@studente.it');
insert into studente (cdl, utente, nome, cognome, email) values (2,'studente06','Alessia','Romano','alessia.romano@studente.it');
insert into studente (cdl, utente, nome, cognome, email) values (2,'studente07','Giovanni','De Luca','giovanni.deluca@studente.it');
insert into studente (cdl, utente, nome, cognome, email) values (2,'studente08','Sophia','Müller','sophia.muller@studente.it');
insert into studente (cdl, utente, nome, cognome, email) values (2,'studente09','Francesco','Esposito','francesco.esposito@studente.it');
insert into studente (cdl, utente, nome, cognome, email) values (2,'studente10','Mei','Chen','mei.chen@studente.it');
insert into studente (cdl, utente, nome, cognome, email) values (2,'studente11','Federico','Santoro','federico.santoro@studente.it');
insert into studente (cdl, utente, nome, cognome, email) values (2,'studente12','Elena','Petrova','elena.petrova@studente.it');
insert into studente (cdl, utente, nome, cognome, email) values (2,'studente13','Alessandro','Moretti','alessandro.moretti@studente.it');
insert into studente (cdl, utente, nome, cognome, email) values (1,'studente14','Valentina','Lopez','valentina.lopez@studente.it');
insert into studente (cdl, utente, nome, cognome, email) values (1,'studente15','Lorenzo','Ferrari','lorenzo.ferrari@studente.it');
insert into studente (cdl, utente, nome, cognome, email) values (4,'studente16','Anna','Ivanova','anna.ivanova@studente.it');
insert into studente (cdl, utente, nome, cognome, email) values (4,'studente17','Stefano','De Angelis','stefano.deangelis@studente.it');
insert into studente (cdl, utente, nome, cognome, email) values (4,'studente18','Martina','Lombardi','martina.lombardi@studente.it');
insert into studente (cdl, utente, nome, cognome, email) values (4,'studente19','Marco','Conti','marco.conti@studente.it');
insert into studente (cdl, utente, nome, cognome, email) values (1,'studente20','Sofia','Nguyen','sofia.nguyen@studente.it');
insert into studente (cdl, utente, nome, cognome, email) values (1,'studente21','Matteo','Greco','matteo.greco@studente.it');
insert into studente (cdl, utente, nome, cognome, email) values (7,'studente22','Giulia','Kim','giulia.kim@studente.it');
insert into studente (cdl, utente, nome, cognome, email) values (3,'studente23','Diego','Costa','diego.costa@studente.it');
insert into studente (cdl, utente, nome, cognome, email) values (3,'studente24','Isabella','Schmidt','isabella.schmidt@studente.it');
insert into studente (cdl, utente, nome, cognome, email) values (3,'studente25','Alessio','Rizzo','alessio.rizzo@studente.it');
insert into studente (cdl, utente, nome, cognome, email) values (3,'studente26','Elena','Kowalski','elena.kowalski@studente.it');
insert into studente (cdl, utente, nome, cognome, email) values (3,'studente27','Luca','Martini','luca.martini@studente.it');
insert into studente (cdl, utente, nome, cognome, email) values (3,'studente28','Aurora','Dubois','aurora.dubois@studente.it');
insert into studente (cdl, utente, nome, cognome, email) values (3,'studente29','Andrea','Vitali','andrea.vitali@studente.it');
insert into studente (cdl, utente, nome, cognome, email) values (3,'studente30','Valeria','Jensen','valeria.jensen@studente.it');
insert into studente (cdl, utente, nome, cognome, email) values (3,'studente31','Giovanni','Costa','giovanni.costa@studente.it');
insert into studente (cdl, utente, nome, cognome, email) values (1,'studente32','Anna','Petrov','anna.petrov@studente.it');
insert into studente (cdl, utente, nome, cognome, email) values (10,'studente33','Francesco','Romano','francesco.romano@studente.it');
insert into studente (cdl, utente, nome, cognome, email) values (10,'studente34','Emma','Lindberg','emma.lindberg@studente.it');
insert into studente (cdl, utente, nome, cognome, email) values (10,'studente35','Davide','Lombardo','davide.lombardo@studente.it');
insert into studente (cdl, utente, nome, cognome, email) values (10,'studente36','Maria','Bianchi','maria.bianchi@studente.it');
insert into studente (cdl, utente, nome, cognome, email) values (10,'studente37','Antonio','Russo','antonio.russo@studente.it');
insert into studente (cdl, utente, nome, cognome, email) values (10,'studente38','Giorgia','Müller','giorgia.muller@studente.it');
insert into studente (cdl, utente, nome, cognome, email) values (10,'studente39','Marco','Esposito','marco.esposito@studente.it');
insert into studente (cdl, utente, nome, cognome, email) values (1,'studente40','Sofia','González','sofia.gonzalez@studente.it');
insert into studente (cdl, utente, nome, cognome, email) values (6,'studente41','Matteo','Marchetti','matteo.marchetti@studente.it');
insert into studente (cdl, utente, nome, cognome, email) values (1,'studente42','Valentina','Dupont','valentina.dupont@studente.it');
insert into studente (cdl, utente, nome, cognome, email) values (9,'studente43','Giuseppe','Farsi','giuseppe.farsi@studente.it');
insert into studente (cdl, utente, nome, cognome, email) values (9,'studente44','Alessia','Barbieri','alessia.barbieri@studente.it');
insert into studente (cdl, utente, nome, cognome, email) values (9,'studente45','Giovanni','Martinez','giovanni.martinez@studente.it');
insert into studente (cdl, utente, nome, cognome, email) values (9,'studente46','Chiara','Lombardi','chiara.lombardi@studente.it');
insert into studente (cdl, utente, nome, cognome, email) values (9,'studente47','Luca','Andersen','luca.andersen@studente.it');
insert into studente (cdl, utente, nome, cognome, email) values (9,'studente48','Laura','Schmidt','laura.schmidt@studente.it');
insert into studente (cdl, utente, nome, cognome, email) values (9,'studente49','Andrea','Greco','andrea.greco@studente.it');
insert into studente (cdl, utente, nome, cognome, email) values (1,'studente50','Giulia','Yamamoto','giulia.yamamoto@studente.it');
insert into studente (cdl, utente, nome, cognome, email) values (8,'studente51','Marco','Patel','marco.patel@studente.it');
insert into studente (cdl, utente, nome, cognome, email) values (8,'studente52','Sofia','Ivanova','sofia.ivanova@studente.it');
insert into studente (cdl, utente, nome, cognome, email) values (8,'studente53','Alessandro','Sokolov','alessandro.sokolov@studente.it');
insert into studente (cdl, utente, nome, cognome, email) values (8,'studente54','Valentina','Nguyen','valentina.nguyen@studente.it');
insert into studente (cdl, utente, nome, cognome, email) values (1,'studente55','Lorenzo','López','lorenzo.lopez@studente.it');
insert into studente (cdl, utente, nome, cognome, email) values (1,'studente56','Anna','Petrova','anna.petrova@studente.it');
insert into studente (cdl, utente, nome, cognome, email) values (1,'studente57','Giovanni','Esposito','giovanni.esposito@studente.it');
insert into studente (cdl, utente, nome, cognome, email) values (1,'studente58','Chiara','Romano','chiara.romano@studente.it');
insert into studente (cdl, utente, nome, cognome, email) values (1,'studente59','Marco','Yamamoto','marco.yamamoto@studente.it');
insert into studente (cdl, utente, nome, cognome, email) values (10,'studente60','Sofia','Martinez','sofia.martinez@studente.it');
insert into studente (cdl, utente, nome, cognome, email) values (10,'studente61','Alessandro','Dupont','alessandro.dupont@studente.it');
insert into studente (cdl, utente, nome, cognome, email) values (10,'studente62','Valentina','Rizzo','valentina.rizzo@studente.it');

-----------------------------Table: Insegnamento -----------------------------

-- (1, 'triennale', 'Informatica');
insert into insegnamento (cdl, responsabile, nome, descrizione, anno) values (1, 1, 'Programmazione', 'Studio e sviluppo tecniche base di programmazione', 1);
insert into insegnamento (cdl, responsabile, nome, descrizione, anno) values (1, 3, 'Basi di Dati', 'Studio e gestione di basi di dati', 2);
insert into insegnamento (cdl, responsabile, nome, descrizione, anno) values (1, 3, 'Ingegneria Software', 'Studio e sviluppo delle tecniche di sviluppo software', 3);
-- (2, 'triennale', 'Ingegneria Civile');
insert into insegnamento (cdl, responsabile, nome, descrizione, anno) values (2, 3, 'Fisica', 'Studio della scienza dei fenomeni naturali', 1);
insert into insegnamento (cdl, responsabile, nome, descrizione, anno) values (2, 3, 'Scienza delle Costruzioni', 'Studio e creazione dei modelli fisico-matematici delle strutture', 2);
insert into insegnamento (cdl, responsabile, nome, descrizione, anno) values (2, 3, 'Tecnica del cantiere', "Studio dell'organizzazione e coordinamento", 3);
-- (3, 'magistrale', 'Economia Aziendale');
insert into insegnamento (cdl, responsabile, nome, descrizione, anno) values (3, 3, 'Economia Politica', "Studio dei metodi per l'utilizzo di poche risorse per soddisfare molte esigenze", 1);
insert into insegnamento (cdl, responsabile, nome, descrizione, anno) values (3, 3, 'Marketing', 'Analisi e comprensione di un mercato di riferimento', 2);
insert into insegnamento (cdl, responsabile, nome, descrizione, anno) values (3, 3, 'Diritto Tributario', 'Studio e organizzazione del diritto che si occupa di ogni genere di tributi', 3);
-- (4, 'triennale', 'Scienze dell Educazione');
insert into insegnamento (cdl, responsabile, nome, descrizione, anno) values (4, 3, 'Didattica Generale', 'Studio delle teorie, metodi e strategie didattiche', 1);
insert into insegnamento (cdl, responsabile, nome, descrizione, anno) values (4, 3, 'Pedagogia Sociale', 'Analisi delle dinamiche e strategie educative', 2);
insert into insegnamento (cdl, responsabile, nome, descrizione, anno) values (4, 3, 'Educazione Interculturale', 'Analisi delle opportunità legate alla diversità culturale', 3);
-- (5, 'magistrale', 'Giurisprudenza');
insert into insegnamento (cdl, responsabile, nome, descrizione, anno) values (5, 3, 'Diritto Civile', 'Studio dei principi fondamentali del diritto civile', 1);
insert into insegnamento (cdl, responsabile, nome, descrizione, anno) values (5, 3, 'Diritto Amministrativo', 'Sutdio delle norme che disciplinano le attività della pubblica amministrazione', 2);
insert into insegnamento (cdl, responsabile, nome, descrizione, anno) values (5, 3, 'Diritto Commerciale', 'Studio delle norme che disciplinano le attività commerciali e imprenditoriali', 3);
-- (6, 'triennale', 'Comunicazione Digitale');
insert into insegnamento (cdl, responsabile, nome, descrizione, anno) values (6, 3, 'Web Design & User Experience', 'Studio tecniche di progettazione e sviluppo di siti web', 1);
insert into insegnamento (cdl, responsabile, nome, descrizione, anno) values (6, 3, 'Social Media Marketing', 'Studio delle strategie e tattiche di marketing', 2);
insert into insegnamento (cdl, responsabile, nome, descrizione, anno) values (6, 3, 'Digital Analytics', "Studio sulle metodologie e strumenti per l'analisi dei dati digitali", 3);
-- (7, 'magistrale', 'Psicologia Clinica');
insert into insegnamento (cdl, responsabile, nome, descrizione, anno) values (7, 3, 'Fondamenti della Psicologia', 'Introduzione e studio dei principi fondamentali della psicologia', 1);
insert into insegnamento (cdl, responsabile, nome, descrizione, anno) values (7, 3, 'Psicopatologia', 'Studio delle principali condizioni psicopatologiche, sintomi e cause', 2);
insert into insegnamento (cdl, responsabile, nome, descrizione, anno) values (7, 3, 'Neuropsicologia', 'Studio delle basi neurobiologiche dei processi cognitivi e comportamentali', 3);
-- (8, 'triennale', 'Lingue e Letterature Straniere');
insert into insegnamento (cdl, responsabile, nome, descrizione, anno) values (8, 1, 'Glottologia', 'Studio scientifico delle lingue', 1);
insert into insegnamento (cdl, responsabile, nome, descrizione, anno) values (8, 1, 'Letteratura Italiana', 'Studio e sviluppo della lingua italiana', 2);
insert into insegnamento (cdl, responsabile, nome, descrizione, anno) values (8, 1, 'Letteratura Inglese', 'Studio e sviluppo della lingua inglese', 3);
-- (9, 'triennale', 'Scienze Politiche');
insert into insegnamento (cdl, responsabile, nome, descrizione, anno) values (9, 3, 'Teoria Politica', 'Studio delle principali teorie politiche e concetti di analisi politica', 1);
insert into insegnamento (cdl, responsabile, nome, descrizione, anno) values (9, 3, 'Politica Internazionale', 'Studio delle relazioni internazionali, delle dinamiche geopolitiche e sfide globali', 2);
insert into insegnamento (cdl, responsabile, nome, descrizione, anno) values (9, 3, 'Politiche Pubbliche', 'Studio delle politiche pubbliche, sociali, economiche e ambientali', 3);
-- (10, 'magistrale', 'Ingegneria Biomedica');
insert into insegnamento (cdl, responsabile, nome, descrizione, anno) values (10, 3, 'Biologia Cellulare e Molecolare', 'Studio delle basi biologiche della vita a livello cellulare e molecolare', 1);
insert into insegnamento (cdl, responsabile, nome, descrizione, anno) values (10, 3, 'Anatomia e Fisiologia Umana', "Studio dell'anatomia e della fisiologia del corpo umano", 2);
insert into insegnamento (cdl, responsabile, nome, descrizione, anno) values (10, 3, 'Strumentazione Biomedica', 'Studio dei principi e delle tecniche di progettazione e sviluppo degli strumenti', 3);

-----------------------------Table: Propedeuticità -----------------------------
insert into propedeuticita (cdl_main, cdl_dep, insegnamento, propedeutico_a) values (1, 1, 1, 3);
insert into propedeuticita (cdl_main, cdl_dep, insegnamento, propedeutico_a) values (2, 2, 4, 6);
insert into propedeuticita (cdl_main, cdl_dep, insegnamento, propedeutico_a) values (3, 3, 7, 9);
insert into propedeuticita (cdl_main, cdl_dep, insegnamento, propedeutico_a) values (4, 4, 10, 12);
insert into propedeuticita (cdl_main, cdl_dep, insegnamento, propedeutico_a) values (5, 5, 13, 15);
insert into propedeuticita (cdl_main, cdl_dep, insegnamento, propedeutico_a) values (6, 6, 16, 17);
insert into propedeuticita (cdl_main, cdl_dep, insegnamento, propedeutico_a) values (7, 7, 18, 20);
insert into propedeuticita (cdl_main, cdl_dep, insegnamento, propedeutico_a) values (8, 8, 21, 23);
insert into propedeuticita (cdl_main, cdl_dep, insegnamento, propedeutico_a) values (9, 9, 24, 26);
insert into propedeuticita (cdl_main, cdl_dep, insegnamento, propedeutico_a) values (10, 10, 27, 29);
